INSERT INTO Batiment VALUES ('A'); 
INSERT INTO Batiment VALUES ('B'); 
INSERT INTO Batiment VALUES ('C'); 
INSERT INTO Salle  VALUES ('A101', 101, 'amphi', 200, 'A');
INSERT INTO Salle  VALUES ('A102', 102, 'cours', 30, 'A');
INSERT INTO Salle  VALUES ('B200', 200, 'bureau', 4, 'B');
INSERT INTO Salle  VALUES ('C201', 201, 'cours', 30, 'C');
INSERT INTO CategorieAsso  VALUES ('musique');
INSERT INTO CategorieAsso  VALUES ('théâtre');
INSERT INTO CategorieAsso  VALUES ('arts plastiques');
INSERT INTO CategorieAsso  VALUES ('sorties');
INSERT INTO Personne  VALUES ('A0382748Z02928375KDJH19238', 'CUVILLER', 'Charles');
INSERT INTO Personne  VALUES ('A0734748Z01993657PPAH19238', 'BEAUMER', 'Marie');
INSERT INTO Personne  VALUES ('A0991748Z03901928NDKH19238', 'XIE', 'Sihan');
INSERT INTO Personne  VALUES ('A0221748Z049162731PZH19238', 'VERRIER', 'Garance');
INSERT INTO Etudiant VALUES ('A0382748Z02928375KDJH19238');
INSERT INTO Etudiant VALUES ('A0991748Z03901928NDKH19238');
INSERT INTO Etudiant VALUES ('A0734748Z01993657PPAH19238');
INSERT INTO Etudiant VALUES ('A0221748Z049162731PZH19238');
INSERT INTO Association VALUES ('La PicaTeam', 'picateam@gmail.com', '10/12/1973', 'picateam.com', 'sorties', 'A102', 'A0991748Z03901928NDKH19238', 'A0734748Z01993657PPAH19238' );
INSERT INTO Association VALUES ('UTCroute', 'cassecroute@gmail.com', '13/10/2010', 'utcroute.com', 'arts plastiques', 'B200', 'A0221748Z049162731PZH19238', 'A0734748Z01993657PPAH19238' );
INSERT INTO CatBillet VALUES ('invitation',100,25,50.00);
INSERT INTO PERSONNE(cin, nom, prenom)VALUES ('A1635248Z27469735SGRT26533', 'Martin', 'Albane');
INSERT INTO PERSONNE(cin, nom, prenom)VALUES ('A7153715T71735171HJUW28287', 'Bernard', 'Alice');
INSERT INTO PERSONNE(cin, nom, prenom)VALUES ('A1673371Z32718292HHGU71633', 'Thomas', 'Lucie');
INSERT INTO PERSONNE(cin, nom, prenom)VALUES ('A7682382Z27357193UJSW85391', 'Petit', 'Nicole');
INSERT INTO PERSONNE(cin, nom, prenom)VALUES ('A2343244D32525314FSEEC1635', 'Robert', 'Odile');
INSERT INTO PERSONNE(cin, nom, prenom)VALUES ('A6755432O82631042DHQTD1763', 'Richard', 'Sylvie');
INSERT INTO PERSONNE(cin, nom, prenom)VALUES ('A2176219D12422442FTRSW2342', 'Durand', 'Lucas');
INSERT INTO personnel(cin, statut)VALUES ('A1635248Z27469735SGRT26533', 'enseignant');
INSERT INTO personnel(cin, statut)VALUES ('A7153715T71735171HJUW28287', 'enseignant');
INSERT INTO personnel(cin, statut)VALUES ('A2343244D32525314FSEEC1635', 'personnel administratif');
INSERT INTO personnel(cin, statut)VALUES ('A7682382Z27357193UJSW85391', 'personnel administratif');
INSERT INTO personnel(cin, statut)VALUES ('A1673371Z32718292HHGU71633', 'personnel technique');
INSERT INTO exterieur(cin, telephone, organisme)VALUES ('A6755432O82631042DHQTD1763','0629753891','ORMS');
INSERT INTO exterieur(cin, telephone, organisme)VALUES ('A2176219D12422442FTRSW2342','0752631864','CSI');
INSERT INTO Spectacle VALUES ('Marée basse','01:21','La PicaTeam');
INSERT INTO Spectacle VALUES ('Rumeur','01:05','UTCroute');
INSERT INTO Spectacle VALUES ('Classicals','02:20','La PicaTeam');
INSERT INTO Seance VALUES ('20221220 21:00:00.00','Marée basse', 'A101');
INSERT INTO Seance VALUES ('20230120 21:00:00.00','Rumeur', 'B200');
INSERT INTO Seance VALUES ('20230501 20:00:00.00','Classicals','A101');
INSERT INTO Concert VALUES ('Classicals','Mozart',1780,'Classique');
INSERT INTO StandUp VALUES ('Rumeur','Débat');
INSERT INTO PieceTheatre VALUES ('Marée basse','Beranger',2021,'Comédie');

